seed,budget,policy,macro_recall,worst_client_recall,federation_fpr,budget_usage,fallback_rate
0,false_positive_0p001,eq_fpr,0.3497408579143599,0.00012086285934163445,0.012690816659267566,12.690816659267567,0.0
0,false_positive_0p001,greedy,0.03909873727598696,0.0,0.00004190506484709843,0.041905064847098425,0.0
0,false_positive_0p001,fabrid_macro,0.3631497203529208,0.0,0.01000956489531523,10.00956489531523,0.0
0,false_positive_0p001,fabrid_cvar,0.3429605450281086,0.00012086285934163445,0.012501051085448559,12.501051085448559,0.0
0,false_positive_0p001,fabrid_macro_finite_safe,0.10661062135472549,0.0,0.00039189148618332267,0.39189148618332265,0.0
0,false_positive_0p001,fabrid_cvar_finite_safe,0.05890806532065446,0.0,0.00031070477417503406,0.31070477417503406,0.0
0,false_positive_0p001,fabrid_macro_no_rate_minimization,0.3631497203529208,0.0,0.01000956489531523,10.00956489531523,0.0
0,false_positive_0p001,common_rate_macro,0.3497408579143599,0.00012086285934163445,0.012690816659267566,12.690816659267567,0.0
0,false_positive_0p001,pooled_shared,0.006520555365311906,0.0,0.007328743143890769,7.328743143890769,0.0
0,false_positive_0p001,eq_fpr_matched_macro,0.35114837223122525,0.00012086285934163445,0.01275672293454785,12.75672293454785,0.0
0,false_positive_0p001,eq_fpr_matched_cvar,0.35109879148945494,0.00012086285934163445,0.012736083581525016,12.736083581525016,0.0
0,false_positive_0p0025,eq_fpr,0.38596718355470283,0.00016407993873140928,0.014139282328678135,5.655712931471253,0.0
0,false_positive_0p0025,greedy,0.03909873727598696,0.0,0.00004190506484709843,0.01676202593883937,0.0
0,false_positive_0p0025,fabrid_macro,0.38568796223066804,0.0,0.01361842892073082,5.447371568292327,0.0
0,false_positive_0p0025,fabrid_cvar,0.3578278349309839,0.0021476601120566717,0.01402854408761247,5.611417635044988,0.0
0,false_positive_0p0025,fabrid_macro_finite_safe,0.1930525757031721,0.0,0.0016357733049519026,0.654309321980761,0.0
0,false_positive_0p0025,fabrid_cvar_finite_safe,0.09231254056541922,0.0,0.004298551842186343,1.7194207368745371,0.0
0,false_positive_0p0025,fabrid_macro_no_rate_minimization,0.38568796223066804,0.0,0.01361842892073082,5.447371568292327,0.0
0,false_positive_0p0025,common_rate_macro,0.38596718355470283,0.00016407993873140928,0.014139282328678135,5.655712931471253,0.0
0,false_positive_0p0025,pooled_shared,0.013480004308402755,0.0,0.019908974209359317,7.963589683743727,0.0
0,false_positive_0p0025,eq_fpr_matched_macro,0.38960692025599974,0.0005459050628245746,0.014399324123919878,5.759729649567951,0.0
0,false_positive_0p0025,eq_fpr_matched_cvar,0.38960692025599974,0.0005459050628245746,0.014399324123919878,5.759729649567951,0.0
0,false_positive_0p005,eq_fpr,0.41025087365541224,0.0011297855019375299,0.017555205474704322,3.511041094940864,0.0
0,false_positive_0p005,greedy,0.03909873727598696,0.0,0.00004190506484709843,0.008381012969419685,0.0
0,false_positive_0p005,fabrid_macro,0.43570331386613326,0.00012086285934163445,0.017931906162455446,3.5863812324910893,0.0
0,false_positive_0p005,fabrid_cvar,0.3656687097446218,0.0277572461183782,0.017174130290231047,3.4348260580462093,0.0
0,false_positive_0p005,fabrid_macro_finite_safe,0.26085197910865743,0.0,0.00793665594707723,1.587331189415446,0.0
0,false_positive_0p005,fabrid_cvar_finite_safe,0.11833612492755916,0.0,0.006634340942906237,1.3268681885812474,0.0
0,false_positive_0p005,fabrid_macro_no_rate_minimization,0.43570331386613326,0.00012086285934163445,0.017931906162455446,3.5863812324910893,0.0
0,false_positive_0p005,common_rate_macro,0.41025087365541224,0.0011297855019375299,0.017555205474704322,3.511041094940864,0.0
0,false_positive_0p005,pooled_shared,0.10275906135412254,0.00006410057364350165,0.038300851908040605,7.660170381608121,0.0
0,false_positive_0p005,eq_fpr_matched_macro,0.4103966673602536,0.0011297855019375299,0.01778253268635785,3.5565065372715696,0.0
0,false_positive_0p005,eq_fpr_matched_cvar,0.4103966673602536,0.0011297855019375299,0.01778253268635785,3.5565065372715696,0.0
0,false_positive_0p010,eq_fpr,0.44111521331313625,0.0038985710959420516,0.022918121967539864,2.291812196753986,0.0
0,false_positive_0p010,greedy,0.03909873727598696,0.0,0.00004190506484709843,0.004190506484709843,0.0
0,false_positive_0p010,fabrid_macro,0.4508000555363618,0.0021476601120566717,0.02226946736741665,2.226946736741665,0.0
0,false_positive_0p010,fabrid_cvar,0.3755087476168068,0.03595213622014664,0.03496942858744296,3.496942858744296,0.0
0,false_positive_0p010,fabrid_macro_finite_safe,0.31470848364279896,0.0,0.011083332607828756,1.1083332607828755,0.0
0,false_positive_0p010,fabrid_cvar_finite_safe,0.1279422953653964,0.0,0.02316900038178444,2.316900038178444,0.0
0,false_positive_0p010,fabrid_macro_no_rate_minimization,0.4508000555363618,0.0021476601120566717,0.02226946736741665,2.226946736741665,0.0
0,false_positive_0p010,common_rate_macro,0.44111521331313625,0.0038985710959420516,0.022918121967539864,2.291812196753986,0.0
0,false_positive_0p010,pooled_shared,0.43674703863914827,0.06925580663586631,0.06501826351387095,6.501826351387095,0.0
0,false_positive_0p010,eq_fpr_matched_macro,0.44111521331313625,0.0038985710959420516,0.022918121967539864,2.291812196753986,0.0
0,false_positive_0p010,eq_fpr_matched_cvar,0.443059158131229,0.0038985710959420516,0.02417407946850624,2.417407946850624,0.0
0,false_positive_0p020,eq_fpr,0.47500545225615537,0.00984129855531767,0.03749680473015489,1.8748402365077443,0.0
0,false_positive_0p020,greedy,0.03909873727598696,0.0,0.00004190506484709843,0.0020952532423549213,0.0
0,false_positive_0p020,fabrid_macro,0.49257425452872977,0.0277572461183782,0.03130071897249126,1.5650359486245629,0.0
0,false_positive_0p020,fabrid_cvar,0.43664070538247973,0.03595213622014664,0.04239035461399082,2.119517730699541,0.0
0,false_positive_0p020,fabrid_macro_finite_safe,0.3935790847104866,0.0,0.017636389826000225,0.8818194913000112,0.0
0,false_positive_0p020,fabrid_cvar_finite_safe,0.27358711764586685,0.0,0.030556824492183388,1.5278412246091693,0.0
0,false_positive_0p020,fabrid_macro_no_rate_minimization,0.49257425452872977,0.0277572461183782,0.03130071897249126,1.5650359486245629,0.0
0,false_positive_0p020,common_rate_macro,0.47500545225615537,0.00984129855531767,0.03749680473015489,1.8748402365077443,0.0
0,false_positive_0p020,pooled_shared,0.5191976588559719,0.08664950875947047,0.08205571011929674,4.102785505964837,0.0
0,false_positive_0p020,eq_fpr_matched_macro,0.47500545225615537,0.00984129855531767,0.03749680473015489,1.8748402365077443,0.0
0,false_positive_0p020,eq_fpr_matched_cvar,0.47500545225615537,0.00984129855531767,0.03749680473015489,1.8748402365077443,0.0
1,false_positive_0p001,eq_fpr,0.33252580140488736,0.000043217079389774834,0.011197466912805654,11.197466912805654,0.0
1,false_positive_0p001,greedy,0.037908252937123806,0.0,0.000038368067080463176,0.03836806708046318,0.0
1,false_positive_0p001,fabrid_macro,0.3422328875134144,0.0,0.009306754034123229,9.306754034123228,0.0
1,false_positive_0p001,fabrid_cvar,0.3258872519510058,0.000043217079389774834,0.011086007831013028,11.086007831013028,0.0
1,false_positive_0p001,fabrid_macro_finite_safe,0.07551201193727203,0.0,0.0002586467309169335,0.25864673091693346,0.0
1,false_positive_0p001,fabrid_cvar_finite_safe,0.037875778931037746,0.0,0.00018828582437388071,0.18828582437388072,0.0
1,false_positive_0p001,fabrid_macro_no_rate_minimization,0.3422328875134144,0.0,0.009306754034123229,9.306754034123228,0.0
1,false_positive_0p001,common_rate_macro,0.33252580140488736,0.000043217079389774834,0.011197466912805654,11.197466912805654,0.0
1,false_positive_0p001,pooled_shared,0.006609965131104044,0.0,0.007375423036527016,7.375423036527016,0.0
1,false_positive_0p001,eq_fpr_matched_macro,0.33688530137013367,0.000043217079389774834,0.011623834812308447,11.623834812308447,0.0
1,false_positive_0p001,eq_fpr_matched_cvar,0.33688530137013367,0.000043217079389774834,0.011623834812308447,11.623834812308447,0.0
1,false_positive_0p0025,eq_fpr,0.381576035668744,0.000043217079389774834,0.014688914056728888,5.875565622691555,0.0
1,false_positive_0p0025,greedy,0.037908252937123806,0.0,0.000038368067080463176,0.01534722683218527,0.0
1,false_positive_0p0025,fabrid_macro,0.38873979720997764,0.0,0.010232311906678742,4.092924762671497,0.0
1,false_positive_0p0025,fabrid_cvar,0.3414099725206659,0.004439166516762626,0.014746045777729956,5.898418311091982,0.0
1,false_positive_0p0025,fabrid_macro_finite_safe,0.19081332187553784,0.0,0.0011857573121567704,0.47430292486270814,0.0
1,false_positive_0p0025,fabrid_cvar_finite_safe,0.06162604227599395,0.0,0.005049618792794877,2.0198475171179506,0.0
1,false_positive_0p0025,fabrid_macro_no_rate_minimization,0.38873979720997764,0.0,0.010232311906678742,4.092924762671497,0.0
1,false_positive_0p0025,common_rate_macro,0.381576035668744,0.000043217079389774834,0.014688914056728888,5.875565622691555,0.0
1,false_positive_0p0025,pooled_shared,0.014191167539366487,0.0,0.019675574746178082,7.870229898471233,0.0
1,false_positive_0p0025,eq_fpr_matched_macro,0.38200637424481093,0.0004250422034829401,0.01490108638084057,5.960434552336228,0.0
1,false_positive_0p0025,eq_fpr_matched_cvar,0.38200637424481093,0.0004250422034829401,0.01490108638084057,5.960434552336228,0.0
1,false_positive_0p005,eq_fpr,0.42213537783133626,0.000468259282872715,0.018947865090749458,3.7895730181498917,0.0
1,false_positive_0p005,greedy,0.037908252937123806,0.0,0.000038368067080463176,0.007673613416092635,0.0
1,false_positive_0p005,fabrid_macro,0.43411693019463743,0.0,0.014342549065310592,2.868509813062118,0.0
1,false_positive_0p005,fabrid_cvar,0.34814183451197717,0.038036943240168056,0.018136677858980862,3.6273355717961726,0.0
1,false_positive_0p005,fabrid_macro_finite_safe,0.24926265560031885,0.0,0.003541117513910744,0.7082235027821489,0.0
1,false_positive_0p005,fabrid_cvar_finite_safe,0.08224506291498054,0.0,0.007635226562020051,1.5270453124040102,0.0
1,false_positive_0p005,fabrid_macro_no_rate_minimization,0.43411693019463743,0.0,0.014342549065310592,2.868509813062118,0.0
1,false_positive_0p005,common_rate_macro,0.42213537783133626,0.000468259282872715,0.018947865090749458,3.7895730181498917,0.0
1,false_positive_0p005,pooled_shared,0.09780759272361073,0.00006410057364350165,0.03832419185435873,7.664838370871746,0.0
1,false_positive_0p005,eq_fpr_matched_macro,0.42464514265241265,0.000468259282872715,0.019003401674004435,3.800680334800887,0.0
1,false_positive_0p005,eq_fpr_matched_cvar,0.42464514265241265,0.000468259282872715,0.019003401674004435,3.800680334800887,0.0
1,false_positive_0p010,eq_fpr,0.4501598067727497,0.004065589437797139,0.024486572251551427,2.448657225155143,0.0
1,false_positive_0p010,greedy,0.037908252937123806,0.0,0.000038368067080463176,0.0038368067080463177,0.0
1,false_positive_0p010,fabrid_macro,0.46557202138885784,0.0013849570658044893,0.021261155017821363,2.1261155017821363,0.0
1,false_positive_0p010,fabrid_cvar,0.377223399557513,0.038036943240168056,0.038637807288282686,3.8637807288282686,0.0
1,false_positive_0p010,fabrid_macro_finite_safe,0.34962948354754053,0.0,0.01029862243741495,1.029862243741495,0.0
1,false_positive_0p010,fabrid_cvar_finite_safe,0.18093367931953921,0.0,0.027801668030031625,2.7801668030031625,0.0
1,false_positive_0p010,fabrid_macro_no_rate_minimization,0.46557202138885784,0.0013849570658044893,0.021261155017821363,2.1261155017821363,0.0
1,false_positive_0p010,common_rate_macro,0.4501598067727497,0.004065589437797139,0.024486572251551427,2.448657225155143,0.0
1,false_positive_0p010,pooled_shared,0.4242342178043376,0.06948621982272228,0.06531338656925263,6.531338656925263,0.0
1,false_positive_0p010,eq_fpr_matched_macro,0.4501598067727497,0.004065589437797139,0.024486572251551427,2.448657225155143,0.0
1,false_positive_0p010,eq_fpr_matched_cvar,0.4501598067727497,0.004065589437797139,0.024486572251551427,2.448657225155143,0.0
1,false_positive_0p020,eq_fpr,0.4810127738324104,0.010063389235363951,0.04101251950261909,2.0506259751309543,0.0
1,false_positive_0p020,greedy,0.037908252937123806,0.0,0.000038368067080463176,0.0019184033540231588,0.0
1,false_positive_0p020,fabrid_macro,0.4907708872997123,0.021770191600593406,0.030553610275186934,1.5276805137593468,0.0
1,false_positive_0p020,fabrid_cvar,0.4567309573037804,0.038036943240168056,0.04746209514852543,2.3731047574262716,0.0
1,false_positive_0p020,fabrid_macro_finite_safe,0.3914112452451103,0.0,0.01771881586379934,0.885940793189967,0.0
1,false_positive_0p020,fabrid_cvar_finite_safe,0.2902509520287671,0.0,0.03498798790593037,1.7493993952965186,0.0
1,false_positive_0p020,fabrid_macro_no_rate_minimization,0.4907708872997123,0.021770191600593406,0.030553610275186934,1.5276805137593468,0.0
1,false_positive_0p020,common_rate_macro,0.4810127738324104,0.010063389235363951,0.04101251950261909,2.0506259751309543,0.0
1,false_positive_0p020,pooled_shared,0.5121793417766125,0.09039433529955584,0.08421439376476503,4.210719688238251,0.0
1,false_positive_0p020,eq_fpr_matched_macro,0.4810127738324104,0.010063389235363951,0.04101251950261909,2.0506259751309543,0.0
1,false_positive_0p020,eq_fpr_matched_cvar,0.4810127738324104,0.010063389235363951,0.04101251950261909,2.0506259751309543,0.0
2,false_positive_0p001,eq_fpr,0.34934231672377614,0.001700053541922722,0.01344869368296651,13.448693682966509,0.0
2,false_positive_0p001,greedy,0.038281151995879656,0.0,0.000039503922808612014,0.039503922808612014,0.0
2,false_positive_0p001,fabrid_macro,0.359504896531265,0.0,0.010770383549859059,10.770383549859059,0.0
2,false_positive_0p001,fabrid_cvar,0.33900872243349545,0.001700053541922722,0.012909111532496383,12.909111532496382,0.0
2,false_positive_0p001,fabrid_macro_finite_safe,0.09858904364116867,0.0,0.0004271500236662264,0.4271500236662264,0.0
2,false_positive_0p001,fabrid_cvar_finite_safe,0.049192062395625694,0.0,0.00016601788247111232,0.16601788247111232,0.0
2,false_positive_0p001,fabrid_macro_no_rate_minimization,0.359504896531265,0.0,0.010770383549859059,10.770383549859059,0.0
2,false_positive_0p001,common_rate_macro,0.34934231672377614,0.001700053541922722,0.01344869368296651,13.448693682966509,0.0
2,false_positive_0p001,pooled_shared,0.006592924005230107,0.0,0.008098961372388842,8.098961372388843,0.0
2,false_positive_0p001,eq_fpr_matched_macro,0.35211717414539595,0.001700053541922722,0.013608377410832923,13.608377410832922,0.0
2,false_positive_0p001,eq_fpr_matched_cvar,0.3507943020813511,0.001700053541922722,0.013599290565007733,13.599290565007733,0.0
2,false_positive_0p0025,eq_fpr,0.3924713581247511,0.002066133953962084,0.015111357192171965,6.044542876868785,0.0
2,false_positive_0p0025,greedy,0.038281151995879656,0.0,0.000039503922808612014,0.015801569123444804,0.0
2,false_positive_0p0025,fabrid_macro,0.38947337438451335,0.0,0.01204334734625951,4.817338938503804,0.0
2,false_positive_0p0025,fabrid_cvar,0.3586872296000488,0.009596488805162328,0.014515618326608875,5.80624733064355,0.0
2,false_positive_0p0025,fabrid_macro_finite_safe,0.21549432824321021,0.0,0.001297889884835336,0.5191559539341344,0.0
2,false_positive_0p0025,fabrid_cvar_finite_safe,0.08046016647618721,0.0,0.0038052565320364283,1.5221026128145714,0.0
2,false_positive_0p0025,fabrid_macro_no_rate_minimization,0.38947337438451335,0.0,0.01204334734625951,4.817338938503804,0.0
2,false_positive_0p0025,common_rate_macro,0.3924713581247511,0.002066133953962084,0.015111357192171965,6.044542876868785,0.0
2,false_positive_0p0025,pooled_shared,0.013296081868098048,0.0,0.019932314155677443,7.972925662270977,0.0
2,false_positive_0p0025,eq_fpr_matched_macro,0.3968106684823915,0.0022105278605392266,0.015320661812825128,6.128264725130051,0.0
2,false_positive_0p0025,eq_fpr_matched_cvar,0.3968106684823915,0.0022105278605392266,0.015320661812825128,6.128264725130051,0.0
2,false_positive_0p005,eq_fpr,0.4284136134969383,0.0023929819212712457,0.019471315454465142,3.8942630908930282,0.0
2,false_positive_0p005,greedy,0.038281151995879656,0.0,0.000039503922808612014,0.007900784561722402,0.0
2,false_positive_0p005,fabrid_macro,0.42876643612007603,0.0,0.01500613003251062,3.001226006502124,0.0
2,false_positive_0p005,fabrid_cvar,0.3798747058202909,0.029086851219913227,0.018245653910964988,3.6491307821929975,0.0
2,false_positive_0p005,fabrid_macro_finite_safe,0.2879913303439878,0.0,0.0036359300179483393,0.7271860035896679,0.0
2,false_positive_0p005,fabrid_cvar_finite_safe,0.15584826909765379,0.0,0.006255717521557557,1.2511435043115113,0.0
2,false_positive_0p005,fabrid_macro_no_rate_minimization,0.42876643612007603,0.0,0.01500613003251062,3.001226006502124,0.0
2,false_positive_0p005,common_rate_macro,0.4284136134969383,0.0023929819212712457,0.019471315454465142,3.8942630908930282,0.0
2,false_positive_0p005,pooled_shared,0.11750750166159137,0.00006410057364350165,0.03853425137122184,7.706850274244369,0.0
2,false_positive_0p005,eq_fpr_matched_macro,0.42858558065776503,0.0023929819212712457,0.019540950746182374,3.9081901492364746,0.0
2,false_positive_0p005,eq_fpr_matched_cvar,0.42858558065776503,0.0023929819212712457,0.019540950746182374,3.9081901492364746,0.0
2,false_positive_0p010,eq_fpr,0.45287401368025404,0.004308815612939236,0.024758289785723513,2.475828978572351,0.0
2,false_positive_0p010,greedy,0.038281151995879656,0.0,0.000039503922808612014,0.003950392280861201,0.0
2,false_positive_0p010,fabrid_macro,0.477647130285722,0.0040720617908352914,0.021373453236376908,2.1373453236376907,0.0
2,false_positive_0p010,fabrid_cvar,0.40044947022957356,0.029086851219913227,0.03793497217701178,3.793497217701178,0.0
2,false_positive_0p010,fabrid_macro_finite_safe,0.36644555409485396,0.0,0.010105862537355821,1.010586253735582,0.0
2,false_positive_0p010,fabrid_cvar_finite_safe,0.18326018977085398,0.0,0.026338468043333077,2.6338468043333076,0.0
2,false_positive_0p010,fabrid_macro_no_rate_minimization,0.477647130285722,0.0040720617908352914,0.021373453236376908,2.1373453236376907,0.0
2,false_positive_0p010,common_rate_macro,0.45287401368025404,0.004308815612939236,0.024758289785723513,2.475828978572351,0.0
2,false_positive_0p010,pooled_shared,0.4340228761538543,0.07023031204302135,0.0650757016736548,6.50757016736548,0.0
2,false_positive_0p010,eq_fpr_matched_macro,0.45287401368025404,0.004308815612939236,0.024758289785723513,2.475828978572351,0.0
2,false_positive_0p010,eq_fpr_matched_cvar,0.4534928219349091,0.004308815612939236,0.024924234561297092,2.492423456129709,0.0
2,false_positive_0p020,eq_fpr,0.5036416557947272,0.012259806715700226,0.03993221865594997,1.9966109327974986,0.0
2,false_positive_0p020,greedy,0.038281151995879656,0.0,0.000039503922808612014,0.0019751961404306006,0.0
2,false_positive_0p020,fabrid_macro,0.5067198847168496,0.029086851219913227,0.03363120663170428,1.6815603315852141,0.0
2,false_positive_0p020,fabrid_cvar,0.47449619008825517,0.036189839450596645,0.0493980930583033,2.4699046529151647,0.0
2,false_positive_0p020,fabrid_macro_finite_safe,0.4164790107900254,0.0,0.018356953596940263,0.9178476798470131,0.0
2,false_positive_0p020,fabrid_cvar_finite_safe,0.3354495737376624,0.0,0.03700343184736226,1.850171592368113,0.0
2,false_positive_0p020,fabrid_macro_no_rate_minimization,0.5067198847168496,0.029086851219913227,0.03363120663170428,1.6815603315852141,0.0
2,false_positive_0p020,common_rate_macro,0.5036416557947272,0.012259806715700226,0.03993221865594997,1.9966109327974986,0.0
2,false_positive_0p020,pooled_shared,0.5232671261893427,0.09551075179858803,0.08311114165950133,4.155557082975066,0.0
2,false_positive_0p020,eq_fpr_matched_macro,0.5036416557947272,0.012259806715700226,0.03993221865594997,1.9966109327974986,0.0
2,false_positive_0p020,eq_fpr_matched_cvar,0.5036416557947272,0.012259806715700226,0.03993221865594997,1.9966109327974986,0.0
3,false_positive_0p001,eq_fpr,0.3627150964606334,0.0,0.011213908214331225,11.213908214331225,0.0
3,false_positive_0p001,greedy,0.03981819812967139,0.0,0.000047454912905653846,0.047454912905653845,0.0
3,false_positive_0p001,fabrid_macro,0.37107276946929924,0.0,0.009482681621606641,9.482681621606641,0.0
3,false_positive_0p001,fabrid_cvar,0.3499257352216792,0.0,0.0131975574792307,13.197557479230701,0.0
3,false_positive_0p001,fabrid_macro_finite_safe,0.09708141129270068,0.0,0.00037205116118766844,0.37205116118766846,0.0
3,false_positive_0p001,fabrid_cvar_finite_safe,0.04178214106439474,0.0,0.003860612127277951,3.860612127277951,0.0
3,false_positive_0p001,fabrid_macro_no_rate_minimization,0.37107276946929924,0.0,0.009482681621606641,9.482681621606641,0.0
3,false_positive_0p001,common_rate_macro,0.3627150964606334,0.0,0.011213908214331225,11.213908214331225,0.0
3,false_positive_0p001,pooled_shared,0.00680428072194083,0.0,0.007422102929163263,7.4221029291632625,0.0
3,false_positive_0p001,eq_fpr_matched_macro,0.3644439561002553,0.0,0.011444867540036843,11.444867540036842,0.0
3,false_positive_0p001,eq_fpr_matched_cvar,0.3644175724441966,0.0,0.011416036818573397,11.416036818573398,0.0
3,false_positive_0p0025,eq_fpr,0.4074417614736966,0.0007636502481863307,0.014673605929839881,5.8694423719359525,0.0
3,false_positive_0p0025,greedy,0.03981819812967139,0.0,0.000047454912905653846,0.018981965162261537,0.0
3,false_positive_0p0025,fabrid_macro,0.41100918545372955,0.0,0.011655771260838423,4.662308504335369,0.0
3,false_positive_0p0025,fabrid_cvar,0.3639343240269891,0.010065838238868077,0.013635188075675682,5.454075230270273,0.0
3,false_positive_0p0025,fabrid_macro_finite_safe,0.2101370706216858,0.0,0.002439210816204485,0.9756843264817939,0.0
3,false_positive_0p0025,fabrid_cvar_finite_safe,0.07232118354648472,0.0,0.004218271341614618,1.6873085366458471,0.0
3,false_positive_0p0025,fabrid_macro_no_rate_minimization,0.41100918545372955,0.0,0.011655771260838423,4.662308504335369,0.0
3,false_positive_0p0025,common_rate_macro,0.4074417614736966,0.0007636502481863307,0.014673605929839881,5.8694423719359525,0.0
3,false_positive_0p0025,pooled_shared,0.01417070034201049,0.0,0.02021239351149492,8.084957404597969,0.0
3,false_positive_0p0025,eq_fpr_matched_macro,0.4094948778125539,0.0007636502481863307,0.014796111113551802,5.918444445420721,0.0
3,false_positive_0p0025,eq_fpr_matched_cvar,0.4078822806078985,0.0007636502481863307,0.014795543185687729,5.918217274275091,0.0
3,false_positive_0p005,eq_fpr,0.4311249875784018,0.001145475372279496,0.01834951820681631,3.6699036413632617,0.0
3,false_positive_0p005,greedy,0.03981819812967139,0.0,0.000047454912905653846,0.009490982581130769,0.0
3,false_positive_0p005,fabrid_macro,0.42704439855109216,0.0,0.017465689998017595,3.493137999603519,0.0
3,false_positive_0p005,fabrid_cvar,0.3841140412667113,0.035155048752593024,0.016119818866551283,3.2239637733102566,0.0
3,false_positive_0p005,fabrid_macro_finite_safe,0.26668128110825345,0.0,0.007261180051699804,1.4522360103399607,0.0
3,false_positive_0p005,fabrid_cvar_finite_safe,0.12199976671746589,0.0,0.006001791708502361,1.2003583417004722,0.0
3,false_positive_0p005,fabrid_macro_no_rate_minimization,0.42704439855109216,0.0,0.017465689998017595,3.493137999603519,0.0
3,false_positive_0p005,common_rate_macro,0.4311249875784018,0.001145475372279496,0.01834951820681631,3.6699036413632617,0.0
3,false_positive_0p005,pooled_shared,0.10507875724593478,0.00006410057364350165,0.040938265841988564,8.187653168397713,0.0
3,false_positive_0p005,eq_fpr_matched_macro,0.43136487197673606,0.001145475372279496,0.01836776195144695,3.6735523902893896,0.0
3,false_positive_0p005,eq_fpr_matched_cvar,0.43136487197673606,0.001145475372279496,0.01836776195144695,3.6735523902893896,0.0
3,false_positive_0p010,eq_fpr,0.44834435817906765,0.0026139929076639977,0.023679526065616453,2.367952606561645,0.0
3,false_positive_0p010,greedy,0.03981819812967139,0.0,0.000047454912905653846,0.004745491290565384,0.0
3,false_positive_0p010,fabrid_macro,0.45321172087567696,0.023504635473748967,0.02087287849639464,2.087287849639464,0.0
3,false_positive_0p010,fabrid_cvar,0.4121689960872401,0.0353151928837864,0.030845442537098103,3.0845442537098102,0.0
3,false_positive_0p010,fabrid_macro_finite_safe,0.29393577676553756,0.0,0.009885179061430105,0.9885179061430105,0.0
3,false_positive_0p010,fabrid_cvar_finite_safe,0.17310583207593408,0.0,0.019608812020469647,1.9608812020469646,0.0
3,false_positive_0p010,fabrid_macro_no_rate_minimization,0.45321172087567696,0.023504635473748967,0.02087287849639464,2.087287849639464,0.0
3,false_positive_0p010,common_rate_macro,0.44834435817906765,0.0026139929076639977,0.023679526065616453,2.367952606561645,0.0
3,false_positive_0p010,pooled_shared,0.4514738884092741,0.0698584155321503,0.06535669721600584,6.535669721600584,0.0
3,false_positive_0p010,eq_fpr_matched_macro,0.44834435817906765,0.0026139929076639977,0.023679526065616453,2.367952606561645,0.0
3,false_positive_0p010,eq_fpr_matched_cvar,0.4499181515514539,0.0026139929076639977,0.024317050295703302,2.43170502957033,0.0
3,false_positive_0p020,eq_fpr,0.49879606947461264,0.008756286009290641,0.03728249447235189,1.8641247236175946,0.0
3,false_positive_0p020,greedy,0.03981819812967139,0.0,0.000047454912905653846,0.002372745645282692,0.0
3,false_positive_0p020,fabrid_macro,0.5007091920771881,0.023504635473748967,0.028649222210164714,1.4324611105082357,0.0
3,false_positive_0p020,fabrid_cvar,0.44028637421121203,0.0353151928837864,0.042814284075798736,2.140714203789937,0.0
3,false_positive_0p020,fabrid_macro_finite_safe,0.38016210553499546,0.0,0.016477739003190293,0.8238869501595146,0.0
3,false_positive_0p020,fabrid_cvar_finite_safe,0.23651032682286613,0.0,0.030339980813300492,1.5169990406650247,0.0
3,false_positive_0p020,fabrid_macro_no_rate_minimization,0.5007091920771881,0.023504635473748967,0.028649222210164714,1.4324611105082357,0.0
3,false_positive_0p020,common_rate_macro,0.49879606947461264,0.008756286009290641,0.03728249447235189,1.8641247236175946,0.0
3,false_positive_0p020,pooled_shared,0.5222129437209745,0.08620695768965042,0.08193370200951634,4.096685100475817,0.0
3,false_positive_0p020,eq_fpr_matched_macro,0.49879606947461264,0.008756286009290641,0.03728249447235189,1.8641247236175946,0.0
3,false_positive_0p020,eq_fpr_matched_cvar,0.4993845066870688,0.008756286009290641,0.03759378321129365,1.8796891605646824,0.0
4,false_positive_0p001,eq_fpr,0.35764427843448604,0.000043217079389774834,0.011358818546694231,11.35881854669423,0.0
4,false_positive_0p001,greedy,0.03913984231382085,0.0,0.00004872019921599143,0.048720199215991425,0.0
4,false_positive_0p001,fabrid_macro,0.36937007588272613,0.0,0.009762067899327763,9.762067899327763,0.0
4,false_positive_0p001,fabrid_cvar,0.3466391066944536,0.0,0.012976992909724561,12.976992909724562,0.0
4,false_positive_0p001,fabrid_macro_finite_safe,0.09170751730628028,0.0,0.0003198169581419836,0.31981695814198363,0.0
4,false_positive_0p001,fabrid_cvar_finite_safe,0.04939270947518184,0.0,0.003406543477986955,3.406543477986955,0.0
4,false_positive_0p001,fabrid_macro_no_rate_minimization,0.36937007588272613,0.0,0.009762067899327763,9.762067899327763,0.0
4,false_positive_0p001,common_rate_macro,0.35764427843448604,0.000043217079389774834,0.011358818546694231,11.35881854669423,0.0
4,false_positive_0p001,pooled_shared,0.006487899826965136,0.0,0.0072353833586182754,7.235383358618275,0.0
4,false_positive_0p001,eq_fpr_matched_macro,0.36401093164014503,0.000043217079389774834,0.011775593970006078,11.775593970006078,0.0
4,false_positive_0p001,eq_fpr_matched_cvar,0.36414454046515093,0.000043217079389774834,0.011818533821668484,11.818533821668483,0.0
4,false_positive_0p0025,eq_fpr,0.40405819427927736,0.000043217079389774834,0.014202637469736656,5.681054987894663,0.0
4,false_positive_0p0025,greedy,0.03913984231382085,0.0,0.00004872019921599143,0.01948807968639657,0.0
4,false_positive_0p0025,fabrid_macro,0.4074232094135358,0.0,0.011388783235318823,4.555513294127529,0.0
4,false_positive_0p0025,fabrid_cvar,0.3558217005104368,0.004581512583076932,0.013500828212549993,5.400331285019997,0.0
4,false_positive_0p0025,fabrid_macro_finite_safe,0.20178974116444504,0.0,0.0012905922829023844,0.5162369131609538,0.0
4,false_positive_0p0025,fabrid_cvar_finite_safe,0.05343702579899449,0.0,0.00395066805483096,1.5802672219323841,0.0
4,false_positive_0p0025,fabrid_macro_no_rate_minimization,0.4074232094135358,0.0,0.011388783235318823,4.555513294127529,0.0
4,false_positive_0p0025,common_rate_macro,0.40405819427927736,0.000043217079389774834,0.014202637469736656,5.681054987894663,0.0
4,false_positive_0p0025,pooled_shared,0.014012678909864117,0.0,0.020469132920994282,8.187653168397713,0.0
4,false_positive_0p0025,eq_fpr_matched_macro,0.40468785384643147,0.000468259282872715,0.014280488192256652,5.712195276902661,0.0
4,false_positive_0p0025,eq_fpr_matched_cvar,0.40468785384643147,0.000468259282872715,0.014280488192256652,5.712195276902661,0.0
4,false_positive_0p005,eq_fpr,0.4333970262541677,0.000468259282872715,0.01715800181818624,3.431600363637248,0.0
4,false_positive_0p005,greedy,0.03913984231382085,0.0,0.00004872019921599143,0.009744039843198285,0.0
4,false_positive_0p005,fabrid_macro,0.4307922911299087,0.000043217079389774834,0.01711029012566007,3.4220580251320136,0.0
4,false_positive_0p005,fabrid_cvar,0.37547410343146065,0.02471491455553285,0.015456642376913944,3.0913284753827885,0.0
4,false_positive_0p005,fabrid_macro_finite_safe,0.2588764406566797,0.0,0.006132291526586208,1.2264583053172415,0.0
4,false_positive_0p005,fabrid_cvar_finite_safe,0.14010509941449933,0.0,0.005671282748336893,1.1342565496673787,0.0
4,false_positive_0p005,fabrid_macro_no_rate_minimization,0.4307922911299087,0.000043217079389774834,0.01711029012566007,3.4220580251320136,0.0
4,false_positive_0p005,common_rate_macro,0.4333970262541677,0.000468259282872715,0.01715800181818624,3.431600363637248,0.0
4,false_positive_0p005,pooled_shared,0.10698591070184196,0.00006410057364350165,0.03832419185435873,7.664838370871746,0.0
4,false_positive_0p005,eq_fpr_matched_macro,0.4335904616847886,0.000468259282872715,0.017300377419908832,3.4600754839817665,0.0
4,false_positive_0p005,eq_fpr_matched_cvar,0.4335904616847886,0.000468259282872715,0.017300377419908832,3.4600754839817665,0.0
4,false_positive_0p010,eq_fpr,0.45646397700815283,0.004581512583076932,0.02384523830899042,2.384523830899042,0.0
4,false_positive_0p010,greedy,0.03913984231382085,0.0,0.00004872019921599143,0.0048720199215991425,0.0
4,false_positive_0p010,fabrid_macro,0.45929766269970007,0.021114757077237773,0.02034981534497973,2.0349815344979727,0.0
4,false_positive_0p010,fabrid_cvar,0.39770415836473383,0.034519849410637765,0.03409964773624913,3.4099647736249126,0.0
4,false_positive_0p010,fabrid_macro_finite_safe,0.29927315415706685,0.0,0.009778178742352964,0.9778178742352964,0.0
4,false_positive_0p010,fabrid_cvar_finite_safe,0.17939912272446734,0.0,0.023854349971622717,2.3854349971622715,0.0
4,false_positive_0p010,fabrid_macro_no_rate_minimization,0.45929766269970007,0.021114757077237773,0.02034981534497973,2.0349815344979727,0.0
4,false_positive_0p010,common_rate_macro,0.45646397700815283,0.004581512583076932,0.02384523830899042,2.384523830899042,0.0
4,false_positive_0p010,pooled_shared,0.46387797220141197,0.07005579611937075,0.06560229895938796,6.560229895938796,0.0
4,false_positive_0p010,eq_fpr_matched_macro,0.45646397700815283,0.004581512583076932,0.02384523830899042,2.384523830899042,0.0
4,false_positive_0p010,eq_fpr_matched_cvar,0.45646397700815283,0.004581512583076932,0.02384523830899042,2.384523830899042,0.0
4,false_positive_0p020,eq_fpr,0.4915035185213085,0.009652262732708704,0.03643367004715096,1.821683502357548,0.0
4,false_positive_0p020,greedy,0.03913984231382085,0.0,0.00004872019921599143,0.0024360099607995712,0.0
4,false_positive_0p020,fabrid_macro,0.503097330876307,0.02471491455553285,0.03144275757292691,1.5721378786463454,0.0
4,false_positive_0p020,fabrid_cvar,0.49360371149262905,0.03815480173407272,0.04353134034987769,2.1765670174938845,0.0
4,false_positive_0p020,fabrid_macro_finite_safe,0.40053384849285456,0.0,0.019013666463093187,0.9506833231546593,0.0
4,false_positive_0p020,fabrid_cvar_finite_safe,0.35482192932951784,0.0,0.03177418130411945,1.5887090652059725,0.0
4,false_positive_0p020,fabrid_macro_no_rate_minimization,0.503097330876307,0.02471491455553285,0.03144275757292691,1.5721378786463454,0.0
4,false_positive_0p020,common_rate_macro,0.4915035185213085,0.009652262732708704,0.03643367004715096,1.821683502357548,0.0
4,false_positive_0p020,pooled_shared,0.5293609556212271,0.08781325891871862,0.08229909407884484,4.114954703942241,0.0
4,false_positive_0p020,eq_fpr_matched_macro,0.49224239827062977,0.009652262732708704,0.03689889308314217,1.8449446541571084,0.0
4,false_positive_0p020,eq_fpr_matched_cvar,0.4915035185213085,0.009652262732708704,0.03643367004715096,1.821683502357548,0.0
5,false_positive_0p001,eq_fpr,0.3434847671055449,0.003080847297442551,0.011218407592782354,11.218407592782354,0.0
5,false_positive_0p001,greedy,0.038310137043885605,0.0,0.00004688698504157943,0.046886985041579426,0.0
5,false_positive_0p001,fabrid_macro,0.35891041990635847,0.0,0.009580611547734649,9.580611547734648,0.0
5,false_positive_0p001,fabrid_cvar,0.33704916768794757,0.003080847297442551,0.014450995950441668,14.450995950441667,0.0
5,false_positive_0p001,fabrid_macro_finite_safe,0.0839609473529672,0.0,0.0003496509158210521,0.34965091582105207,0.0
5,false_positive_0p001,fabrid_cvar_finite_safe,0.03434526772031849,0.0,0.004609916245292056,4.609916245292056,0.0
5,false_positive_0p001,fabrid_macro_no_rate_minimization,0.35891041990635847,0.0,0.009580611547734649,9.580611547734648,0.0
5,false_positive_0p001,common_rate_macro,0.3434847671055449,0.003080847297442551,0.011218407592782354,11.218407592782354,0.0
5,false_positive_0p001,pooled_shared,0.0061935451246194,0.0,0.008449060567160695,8.449060567160695,0.0
5,false_positive_0p001,eq_fpr_matched_macro,0.34635171426615696,0.003080847297442551,0.011555719540346473,11.555719540346473,0.0
5,false_positive_0p001,eq_fpr_matched_cvar,0.34635171426615696,0.003080847297442551,0.011555719540346473,11.555719540346473,0.0
5,false_positive_0p0025,eq_fpr,0.39466606423531797,0.0037325978757599266,0.014566138655167066,5.826455462066826,0.0
5,false_positive_0p0025,greedy,0.038310137043885605,0.0,0.00004688698504157943,0.01875479401663177,0.0
5,false_positive_0p0025,fabrid_macro,0.40653190927424826,0.0,0.011919831337929043,4.767932535171617,0.0
5,false_positive_0p0025,fabrid_cvar,0.34731116150295493,0.004778538782612373,0.01487026987779764,5.948107951119056,0.0
5,false_positive_0p0025,fabrid_macro_finite_safe,0.2096984246844409,0.0,0.0010528040250649636,0.4211216100259854,0.0
5,false_positive_0p0025,fabrid_cvar_finite_safe,0.07715714060396929,0.0,0.005080194828632065,2.032077931452826,0.0
5,false_positive_0p0025,fabrid_macro_no_rate_minimization,0.40653190927424826,0.0,0.011919831337929043,4.767932535171617,0.0
5,false_positive_0p0025,common_rate_macro,0.39466606423531797,0.0037325978757599266,0.014566138655167066,5.826455462066826,0.0
5,false_positive_0p0025,pooled_shared,0.012907481450220156,0.0,0.01958221496090559,7.832885984362235,0.0
5,false_positive_0p0025,eq_fpr_matched_macro,0.3962837576467953,0.003871834857102171,0.014925745371003237,5.9702981484012945,0.0
5,false_positive_0p0025,eq_fpr_matched_cvar,0.3962837576467953,0.003871834857102171,0.014925745371003237,5.9702981484012945,0.0
5,false_positive_0p005,eq_fpr,0.43530751948233876,0.00405428891783419,0.019681641123258722,3.9363282246517444,0.0
5,false_positive_0p005,greedy,0.038310137043885605,0.0,0.00004688698504157943,0.009377397008315885,0.0
5,false_positive_0p005,fabrid_macro,0.44295114945164704,0.003080847297442551,0.01909214063789998,3.818428127579996,0.0
5,false_positive_0p005,fabrid_cvar,0.3693740370373706,0.03578103592288474,0.018805688298936227,3.7611376597872455,0.0
5,false_positive_0p005,fabrid_macro_finite_safe,0.24844962885134284,0.0,0.008604874968613067,1.7209749937226133,0.0
5,false_positive_0p005,fabrid_cvar_finite_safe,0.08771237615231131,0.0,0.00760588457748936,1.521176915497872,0.0
5,false_positive_0p005,fabrid_macro_no_rate_minimization,0.44295114945164704,0.003080847297442551,0.01909214063789998,3.818428127579996,0.0
5,false_positive_0p005,common_rate_macro,0.43530751948233876,0.00405428891783419,0.019681641123258722,3.9363282246517444,0.0
5,false_positive_0p005,pooled_shared,0.11609647542153745,0.00006410057364350165,0.038580931263858094,7.716186252771618,0.0
5,false_positive_0p005,eq_fpr_matched_macro,0.43549225997242297,0.00405428891783419,0.02014150770074228,4.028301540148456,0.0
5,false_positive_0p005,eq_fpr_matched_cvar,0.43549225997242297,0.00405428891783419,0.02014150770074228,4.028301540148456,0.0
5,false_positive_0p010,eq_fpr,0.45774987075398366,0.004778538782612373,0.025429221688568444,2.5429221688568444,0.0
5,false_positive_0p010,greedy,0.038310137043885605,0.0,0.00004688698504157943,0.004688698504157943,0.0
5,false_positive_0p010,fabrid_macro,0.46970828032786693,0.004706341829323802,0.023077678739082532,2.307767873908253,0.0
5,false_positive_0p010,fabrid_cvar,0.38270248590170847,0.03578103592288474,0.0399606801070857,3.9960680107085698,0.0
5,false_positive_0p010,fabrid_macro_finite_safe,0.32618200426130667,0.0,0.010653352237816128,1.0653352237816127,0.0
5,false_positive_0p010,fabrid_cvar_finite_safe,0.1101227742049576,0.0,0.028703937259817718,2.8703937259817716,0.0
5,false_positive_0p010,fabrid_macro_no_rate_minimization,0.46970828032786693,0.004706341829323802,0.023077678739082532,2.307767873908253,0.0
5,false_positive_0p010,common_rate_macro,0.45774987075398366,0.004778538782612373,0.025429221688568444,2.5429221688568444,0.0
5,false_positive_0p010,pooled_shared,0.4447320974842724,0.06947297564659484,0.06519161453379259,6.519161453379259,0.0
5,false_positive_0p010,eq_fpr_matched_macro,0.45774987075398366,0.004778538782612373,0.025429221688568444,2.5429221688568444,0.0
5,false_positive_0p010,eq_fpr_matched_cvar,0.45774987075398366,0.004778538782612373,0.025429221688568444,2.5429221688568444,0.0
5,false_positive_0p020,eq_fpr,0.4910864411350541,0.010786748115215171,0.03815161248079484,1.9075806240397422,0.0
5,false_positive_0p020,greedy,0.038310137043885605,0.0,0.00004688698504157943,0.0023443492520789713,0.0
5,false_positive_0p020,fabrid_macro,0.5000294722001581,0.025095790743574035,0.033182246783444454,1.6591123391722227,0.0
5,false_positive_0p020,fabrid_cvar,0.43063725506053335,0.038940349201563765,0.04686784427478455,2.3433922137392273,0.0
5,false_positive_0p020,fabrid_macro_finite_safe,0.3872636925216113,0.0,0.019539011296828668,0.9769505648414334,0.0
5,false_positive_0p020,fabrid_cvar_finite_safe,0.26385678410654134,0.0,0.03364254995988977,1.6821274979944887,0.0
5,false_positive_0p020,fabrid_macro_no_rate_minimization,0.5000294722001581,0.025095790743574035,0.033182246783444454,1.6591123391722227,0.0
5,false_positive_0p020,common_rate_macro,0.4910864411350541,0.010786748115215171,0.03815161248079484,1.9075806240397422,0.0
5,false_positive_0p020,pooled_shared,0.5232222509414359,0.08427398526492243,0.08202128700880412,4.101064350440206,0.0
5,false_positive_0p020,eq_fpr_matched_macro,0.4910864411350541,0.010786748115215171,0.03815161248079484,1.9075806240397422,0.0
5,false_positive_0p020,eq_fpr_matched_cvar,0.4910864411350541,0.010786748115215171,0.03815161248079484,1.9075806240397422,0.0
6,false_positive_0p001,eq_fpr,0.340001572885672,0.005756867637485962,0.011469895120800041,11.469895120800041,0.0
6,false_positive_0p001,greedy,0.038800655393320616,0.0,0.00004802284076972826,0.04802284076972826,0.0
6,false_positive_0p001,fabrid_macro,0.35012220049043696,0.0,0.01010960904691057,10.109609046910569,0.0
6,false_positive_0p001,fabrid_cvar,0.329271095673835,0.005756867637485962,0.013591388253690405,13.591388253690404,0.0
6,false_positive_0p001,fabrid_macro_finite_safe,0.06871401730156512,0.0,0.00027657789135027545,0.27657789135027544,0.0
6,false_positive_0p001,fabrid_cvar_finite_safe,0.033103700823943434,0.0,0.0035618478209789067,3.561847820978907,0.0
6,false_positive_0p001,fabrid_macro_no_rate_minimization,0.35012220049043696,0.0,0.01010960904691057,10.109609046910569,0.0
6,false_positive_0p001,common_rate_macro,0.340001572885672,0.005756867637485962,0.011469895120800041,11.469895120800041,0.0
6,false_positive_0p001,pooled_shared,0.006490178917677386,0.0,0.010713035360018672,10.713035360018672,0.0
6,false_positive_0p001,eq_fpr_matched_macro,0.3435566779408415,0.005756867637485962,0.011894935125155173,11.894935125155174,0.0
6,false_positive_0p001,eq_fpr_matched_cvar,0.3435566779408415,0.005756867637485962,0.011894935125155173,11.894935125155174,0.0
6,false_positive_0p0025,eq_fpr,0.375848793747896,0.00614098242776653,0.014247774344772106,5.6991097379088425,0.0
6,false_positive_0p0025,greedy,0.038800655393320616,0.0,0.00004802284076972826,0.019209136307891304,0.0
6,false_positive_0p0025,fabrid_macro,0.378195493937306,0.0,0.012428840239143184,4.971536095657274,0.0
6,false_positive_0p0025,fabrid_cvar,0.34418447683424575,0.008164227218485379,0.014610739915329666,5.844295966131866,0.0
6,false_positive_0p0025,fabrid_macro_finite_safe,0.1707425946749098,0.0,0.0010447735232072036,0.41790940928288145,0.0
6,false_positive_0p0025,fabrid_cvar_finite_safe,0.06288143315992895,0.0,0.004574951119636321,1.8299804478545283,0.0
6,false_positive_0p0025,fabrid_macro_no_rate_minimization,0.378195493937306,0.0,0.012428840239143184,4.971536095657274,0.0
6,false_positive_0p0025,common_rate_macro,0.375848793747896,0.00614098242776653,0.014247774344772106,5.6991097379088425,0.0
6,false_positive_0p0025,pooled_shared,0.01050633145242762,0.0,0.019372155444042475,7.7488621776169895,0.0
6,false_positive_0p0025,eq_fpr_matched_macro,0.3785997271873425,0.006323436488498551,0.01447740396838207,5.790961587352828,0.0
6,false_positive_0p0025,eq_fpr_matched_cvar,0.3785997271873425,0.006323436488498551,0.01447740396838207,5.790961587352828,0.0
6,false_positive_0p005,eq_fpr,0.41711034270022224,0.006735768516284735,0.018183677240079667,3.636735448015933,0.0
6,false_positive_0p005,greedy,0.038800655393320616,0.0,0.00004802284076972826,0.009604568153945652,0.0
6,false_positive_0p005,fabrid_macro,0.40791141424244565,0.0,0.01702927744703559,3.4058554894071182,0.0
6,false_positive_0p005,fabrid_cvar,0.35360770266685715,0.016139073503711347,0.015842117846046458,3.1684235692092915,0.0
6,false_positive_0p005,fabrid_macro_finite_safe,0.24764967542166377,0.0,0.006179968078732655,1.235993615746531,0.0
6,false_positive_0p005,fabrid_cvar_finite_safe,0.10630582409466396,0.0,0.00507124983821071,1.014249967642142,0.0
6,false_positive_0p005,fabrid_macro_no_rate_minimization,0.40791141424244565,0.0,0.01702927744703559,3.4058554894071182,0.0
6,false_positive_0p005,common_rate_macro,0.41711034270022224,0.006735768516284735,0.018183677240079667,3.636735448015933,0.0
6,false_positive_0p005,pooled_shared,0.10938043097912988,0.00006410057364350165,0.0384875714785856,7.69751429571712,0.0
6,false_positive_0p005,eq_fpr_matched_macro,0.41732260916252617,0.006735768516284735,0.018348168139885775,3.669633627977155,0.0
6,false_positive_0p005,eq_fpr_matched_cvar,0.41732260916252617,0.006735768516284735,0.018348168139885775,3.669633627977155,0.0
6,false_positive_0p010,eq_fpr,0.4370684815712663,0.008164227218485379,0.024109987937271114,2.4109987937271113,0.0
6,false_positive_0p010,greedy,0.038800655393320616,0.0,0.00004802284076972826,0.004802284076972826,0.0
6,false_positive_0p010,fabrid_macro,0.43558838068878636,0.00812424478482164,0.020349875374620362,2.0349875374620363,0.0
6,false_positive_0p010,fabrid_cvar,0.37191842820505655,0.016139073503711347,0.032029199072698765,3.2029199072698766,0.0
6,false_positive_0p010,fabrid_macro_finite_safe,0.28446933801894586,0.0,0.008989897078438103,0.8989897078438103,0.0
6,false_positive_0p010,fabrid_cvar_finite_safe,0.1440040890386558,0.0,0.02141812794106615,2.141812794106615,0.0
6,false_positive_0p010,fabrid_macro_no_rate_minimization,0.43558838068878636,0.00812424478482164,0.020349875374620362,2.0349875374620363,0.0
6,false_positive_0p010,common_rate_macro,0.4370684815712663,0.008164227218485379,0.024109987937271114,2.4109987937271113,0.0
6,false_positive_0p010,pooled_shared,0.43167912394170627,0.07014998866785643,0.06536031392683464,6.536031392683464,0.0
6,false_positive_0p010,eq_fpr_matched_macro,0.4370684815712663,0.008164227218485379,0.024109987937271114,2.4109987937271113,0.0
6,false_positive_0p010,eq_fpr_matched_cvar,0.4370684815712663,0.008164227218485379,0.024109987937271114,2.4109987937271113,0.0
6,false_positive_0p020,eq_fpr,0.46990714549953677,0.00995041085396429,0.035949685131085964,1.797484256554298,0.0
6,false_positive_0p020,greedy,0.038800655393320616,0.0,0.00004802284076972826,0.002401142038486413,0.0
6,false_positive_0p020,fabrid_macro,0.4970878811997956,0.009993627933354066,0.027919486557902135,1.3959743278951067,0.0
6,false_positive_0p020,fabrid_cvar,0.47250802155951566,0.016139073503711347,0.04040747641656461,2.0203738208282305,0.0
6,false_positive_0p020,fabrid_macro_finite_safe,0.3891129982806471,0.0,0.015507868347037166,0.7753934173518583,0.0
6,false_positive_0p020,fabrid_cvar_finite_safe,0.36890133189445445,0.0,0.028773619970780498,1.4386809985390248,0.0
6,false_positive_0p020,fabrid_macro_no_rate_minimization,0.4970878811997956,0.009993627933354066,0.027919486557902135,1.3959743278951067,0.0
6,false_positive_0p020,common_rate_macro,0.46990714549953677,0.00995041085396429,0.035949685131085964,1.797484256554298,0.0
6,false_positive_0p020,pooled_shared,0.5031972228538708,0.08426874700612516,0.0812324052590036,4.06162026295018,0.0
6,false_positive_0p020,eq_fpr_matched_macro,0.47160310261000865,0.00995041085396429,0.03656471462579218,1.828235731289609,0.0
6,false_positive_0p020,eq_fpr_matched_cvar,0.46990714549953677,0.00995041085396429,0.035949685131085964,1.797484256554298,0.0
7,false_positive_0p001,eq_fpr,0.35733877718614965,0.002414424299642207,0.011543785607181766,11.543785607181766,0.0
7,false_positive_0p001,greedy,0.039929870389034026,0.0,0.00004802284076972826,0.04802284076972826,0.0
7,false_positive_0p001,fabrid_macro,0.3728047869267391,0.0,0.00954873372011093,9.54873372011093,0.0
7,false_positive_0p001,fabrid_cvar,0.3485125260426221,0.0,0.009181153011937388,9.181153011937388,0.0
7,false_positive_0p001,fabrid_macro_finite_safe,0.12980936194940465,0.0,0.0004871873526584823,0.4871873526584823,0.0
7,false_positive_0p001,fabrid_cvar_finite_safe,0.04861552246140599,0.0,0.00011704186659470373,0.11704186659470373,0.0
7,false_positive_0p001,fabrid_macro_no_rate_minimization,0.3728047869267391,0.0,0.00954873372011093,9.54873372011093,0.0
7,false_positive_0p001,common_rate_macro,0.35733877718614965,0.002414424299642207,0.011543785607181766,11.543785607181766,0.0
7,false_positive_0p001,pooled_shared,0.006436365494227833,0.0,0.008145641265025089,8.14564126502509,0.0
7,false_positive_0p001,eq_fpr_matched_macro,0.358702848816116,0.002414424299642207,0.012493083129523746,12.493083129523747,0.0
7,false_positive_0p001,eq_fpr_matched_cvar,0.3585987180993319,0.002414424299642207,0.012420029179181002,12.420029179181002,0.0
7,false_positive_0p0025,eq_fpr,0.40485235793335567,0.0029649980507722154,0.013723013401739098,5.489205360695639,0.0
7,false_positive_0p0025,greedy,0.039929870389034026,0.0,0.00004802284076972826,0.019209136307891304,0.0
7,false_positive_0p0025,fabrid_macro,0.4141491030789055,0.0,0.013680602988299043,5.472241195319617,0.0
7,false_positive_0p0025,fabrid_cvar,0.36114236256855325,0.004722555605914141,0.013216932551332394,5.286773020532958,0.0
7,false_positive_0p0025,fabrid_macro_finite_safe,0.2202171520817179,0.0,0.0021596663208643513,0.8638665283457405,0.0
7,false_positive_0p0025,fabrid_cvar_finite_safe,0.054392587496790476,0.0,0.00408870867520938,1.6354834700837517,0.0
7,false_positive_0p0025,fabrid_macro_no_rate_minimization,0.4141491030789055,0.0,0.013680602988299043,5.472241195319617,0.0
7,false_positive_0p0025,common_rate_macro,0.40485235793335567,0.0029649980507722154,0.013723013401739098,5.489205360695639,0.0
7,false_positive_0p0025,pooled_shared,0.013091970415453152,0.0,0.01972225463881433,7.888901855525732,0.0
7,false_positive_0p0025,eq_fpr_matched_macro,0.4051655728230658,0.0030828865758011775,0.013845930301412611,5.538372120565044,0.0
7,false_positive_0p0025,eq_fpr_matched_cvar,0.4051655728230658,0.0030828865758011775,0.013845930301412611,5.538372120565044,0.0
7,false_positive_0p005,eq_fpr,0.4285595317947292,0.0037325978757599266,0.017649184260347905,3.529836852069581,0.0
7,false_positive_0p005,greedy,0.039929870389034026,0.0,0.00004802284076972826,0.009604568153945652,0.0
7,false_positive_0p005,fabrid_macro,0.440547229474903,0.00406809947123739,0.014944230829944548,2.9888461659889094,0.0
7,false_positive_0p005,fabrid_cvar,0.3770457793353204,0.03680494106749987,0.015777651944921582,3.1555303889843165,0.0
7,false_positive_0p005,fabrid_macro_finite_safe,0.24236720658839006,0.0,0.0033019701903960388,0.6603940380792077,0.0
7,false_positive_0p005,fabrid_cvar_finite_safe,0.1325683549508565,0.0,0.00594194070211363,1.188388140422726,0.0
7,false_positive_0p005,fabrid_macro_no_rate_minimization,0.440547229474903,0.00406809947123739,0.014944230829944548,2.9888461659889094,0.0
7,false_positive_0p005,common_rate_macro,0.4285595317947292,0.0037325978757599266,0.017649184260347905,3.529836852069581,0.0
7,false_positive_0p005,pooled_shared,0.12371533116729229,0.00006410057364350165,0.038697630995448706,7.739526199089741,0.0
7,false_positive_0p005,eq_fpr_matched_macro,0.42873097054499204,0.0037325978757599266,0.01772197792223036,3.544395584446072,0.0
7,false_positive_0p005,eq_fpr_matched_cvar,0.42873097054499204,0.0037325978757599266,0.01772197792223036,3.544395584446072,0.0
7,false_positive_0p010,eq_fpr,0.45287452411906637,0.004722555605914141,0.022760847937583747,2.2760847937583746,0.0
7,false_positive_0p010,greedy,0.039929870389034026,0.0,0.00004802284076972826,0.004802284076972826,0.0
7,false_positive_0p010,fabrid_macro,0.4625071853491505,0.00406809947123739,0.02049363045836983,2.049363045836983,0.0
7,false_positive_0p010,fabrid_cvar,0.39707059697213687,0.03680494106749987,0.031101893706434933,3.1101893706434933,0.0
7,false_positive_0p010,fabrid_macro_finite_safe,0.32048239931022043,0.0,0.00947880920885893,0.9478809208858929,0.0
7,false_positive_0p010,fabrid_cvar_finite_safe,0.1576801368399621,0.0,0.02083451295920678,2.083451295920678,0.0
7,false_positive_0p010,fabrid_macro_no_rate_minimization,0.4625071853491505,0.00406809947123739,0.02049363045836983,2.049363045836983,0.0
7,false_positive_0p010,common_rate_macro,0.45287452411906637,0.004722555605914141,0.022760847937583747,2.2760847937583746,0.0
7,false_positive_0p010,pooled_shared,0.4569384992156928,0.06982970513375564,0.0653693778707196,6.53693778707196,0.0
7,false_positive_0p010,eq_fpr_matched_macro,0.45287452411906637,0.004722555605914141,0.022760847937583747,2.2760847937583746,0.0
7,false_positive_0p010,eq_fpr_matched_cvar,0.45287452411906637,0.004722555605914141,0.022760847937583747,2.2760847937583746,0.0
7,false_positive_0p020,eq_fpr,0.48496790490697184,0.011876441233214855,0.0353833510766434,1.76916755383217,0.0
7,false_positive_0p020,greedy,0.039929870389034026,0.0,0.00004802284076972826,0.002401142038486413,0.0
7,false_positive_0p020,fabrid_macro,0.4978432324022119,0.024453359221448485,0.03025423257844316,1.512711628922158,0.0
7,false_positive_0p020,fabrid_cvar,0.4370385040558941,0.03680494106749987,0.04242141303391106,2.121070651695553,0.0
7,false_positive_0p020,fabrid_macro_finite_safe,0.3915064861345546,0.0,0.016762634068409544,0.8381317034204772,0.0
7,false_positive_0p020,fabrid_cvar_finite_safe,0.21076379815339538,0.0,0.03012972539363569,1.5064862696817845,0.0
7,false_positive_0p020,fabrid_macro_no_rate_minimization,0.4978432324022119,0.024453359221448485,0.03025423257844316,1.512711628922158,0.0
7,false_positive_0p020,common_rate_macro,0.48496790490697184,0.011876441233214855,0.0353833510766434,1.76916755383217,0.0
7,false_positive_0p020,pooled_shared,0.5297996184387692,0.09133677354981438,0.08416854271646868,4.208427135823434,0.0
7,false_positive_0p020,eq_fpr_matched_macro,0.48496790490697184,0.011876441233214855,0.0353833510766434,1.76916755383217,0.0
7,false_positive_0p020,eq_fpr_matched_cvar,0.4856522467478847,0.011876441233214855,0.03578103429532533,1.7890517147662666,0.0
8,false_positive_0p001,eq_fpr,0.3549148183398063,0.000043217079389774834,0.012262595526420996,12.262595526420997,0.0
8,false_positive_0p001,greedy,0.038706185979490965,0.0,0.000039503922808612014,0.039503922808612014,0.0
8,false_positive_0p001,fabrid_macro,0.37113746945082043,0.0,0.009702556881044128,9.702556881044128,0.0
8,false_positive_0p001,fabrid_cvar,0.34453948059198597,0.000043217079389774834,0.013492786652596537,13.492786652596537,0.0
8,false_positive_0p001,fabrid_macro_finite_safe,0.0966746063806573,0.0,0.0004658453671292388,0.4658453671292388,0.0
8,false_positive_0p001,fabrid_cvar_finite_safe,0.03465193968130322,0.0,0.004026953819011424,4.026953819011424,0.0
8,false_positive_0p001,fabrid_macro_no_rate_minimization,0.37113746945082043,0.0,0.009702556881044128,9.702556881044128,0.0
8,false_positive_0p001,common_rate_macro,0.3549148183398063,0.000043217079389774834,0.012262595526420996,12.262595526420997,0.0
8,false_positive_0p001,pooled_shared,0.006524136652104253,0.0,0.0072353833586182754,7.235383358618275,0.0
8,false_positive_0p001,eq_fpr_matched_macro,0.3566877757802923,0.000043217079389774834,0.012615978250820824,12.615978250820824,0.0
8,false_positive_0p001,eq_fpr_matched_cvar,0.356631605152101,0.000043217079389774834,0.012584637334783476,12.584637334783476,0.0
8,false_positive_0p0025,eq_fpr,0.4031233827166445,0.000043217079389774834,0.014640363312497713,5.856145324999085,0.0
8,false_positive_0p0025,greedy,0.038706185979490965,0.0,0.000039503922808612014,0.015801569123444804,0.0
8,false_positive_0p0025,fabrid_macro,0.3946960693222564,0.0,0.010299343517943718,4.119737407177487,0.0
8,false_positive_0p0025,fabrid_cvar,0.3586496296460343,0.0017157051951100222,0.013932129032996015,5.572851613198406,0.0
8,false_positive_0p0025,fabrid_macro_finite_safe,0.16291736075174015,0.0,0.0009598770442836359,0.38395081771345435,0.0
8,false_positive_0p0025,fabrid_cvar_finite_safe,0.05826768493147653,0.0,0.004445455013013624,1.7781820052054496,0.0
8,false_positive_0p0025,fabrid_macro_no_rate_minimization,0.3946960693222564,0.0,0.010299343517943718,4.119737407177487,0.0
8,false_positive_0p0025,common_rate_macro,0.4031233827166445,0.000043217079389774834,0.014640363312497713,5.856145324999085,0.0
8,false_positive_0p0025,pooled_shared,0.013818426581838844,0.0,0.020305753296767416,8.122301318706967,0.0
8,false_positive_0p0025,eq_fpr_matched_macro,0.4037820707698665,0.00008643415877954967,0.014783283111879488,5.913313244751795,0.0
8,false_positive_0p0025,eq_fpr_matched_cvar,0.4037820707698665,0.00008643415877954967,0.014783283111879488,5.913313244751795,0.0
8,false_positive_0p005,eq_fpr,0.4353424438575985,0.0005114763622624898,0.019278573241367617,3.855714648273523,0.0
8,false_positive_0p005,greedy,0.038706185979490965,0.0,0.000039503922808612014,0.007900784561722402,0.0
8,false_positive_0p005,fabrid_macro,0.4244173937717823,0.0,0.012830797482936888,2.5661594965873777,0.0
8,false_positive_0p005,fabrid_cvar,0.37507565565500167,0.03366499606183183,0.0190977771227686,3.81955542455372,0.0
8,false_positive_0p005,fabrid_macro_finite_safe,0.26714944223235093,0.0,0.003011696627789799,0.6023393255579599,0.0
8,false_positive_0p005,fabrid_cvar_finite_safe,0.10290980532880875,0.0,0.008045539797071507,1.6091079594143014,0.0
8,false_positive_0p005,fabrid_macro_no_rate_minimization,0.4244173937717823,0.0,0.012830797482936888,2.5661594965873777,0.0
8,false_positive_0p005,common_rate_macro,0.4353424438575985,0.0005114763622624898,0.019278573241367617,3.855714648273523,0.0
8,false_positive_0p005,pooled_shared,0.1116211671676904,0.00006410057364350165,0.03832419185435873,7.664838370871746,0.0
8,false_positive_0p005,eq_fpr_matched_macro,0.43568226527500953,0.0005114763622624898,0.019528000204965305,3.905600040993061,0.0
8,false_positive_0p005,eq_fpr_matched_cvar,0.43568226527500953,0.0005114763622624898,0.019528000204965305,3.905600040993061,0.0
8,false_positive_0p010,eq_fpr,0.45897792168057844,0.004503866803125072,0.024809933926351686,2.4809933926351686,0.0
8,false_positive_0p010,greedy,0.038706185979490965,0.0,0.000039503922808612014,0.003950392280861201,0.0
8,false_positive_0p010,fabrid_macro,0.45451069483080503,0.019097216307652865,0.020945969880894408,2.0945969880894406,0.0
8,false_positive_0p010,fabrid_cvar,0.3876848931126548,0.03366499606183183,0.03916867904679521,3.916867904679521,0.0
8,false_positive_0p010,fabrid_macro_finite_safe,0.29999386594053906,0.0,0.01030692180914759,1.030692180914759,0.0
8,false_positive_0p010,fabrid_cvar_finite_safe,0.12826287452336094,0.0,0.02858850184632101,2.8588501846321006,0.0
8,false_positive_0p010,fabrid_macro_no_rate_minimization,0.45451069483080503,0.019097216307652865,0.020945969880894408,2.0945969880894406,0.0
8,false_positive_0p010,common_rate_macro,0.45897792168057844,0.004503866803125072,0.024809933926351686,2.4809933926351686,0.0
8,false_positive_0p010,pooled_shared,0.445444570991588,0.06947880631314982,0.06507482186690668,6.507482186690668,0.0
8,false_positive_0p010,eq_fpr_matched_macro,0.45897792168057844,0.004503866803125072,0.024809933926351686,2.4809933926351686,0.0
8,false_positive_0p010,eq_fpr_matched_cvar,0.4606666474371142,0.004503866803125072,0.025933174009210195,2.5933174009210194,0.0
8,false_positive_0p020,eq_fpr,0.4987377076483882,0.010159619404448938,0.03875747359702263,1.9378736798511316,0.0
8,false_positive_0p020,greedy,0.038706185979490965,0.0,0.000039503922808612014,0.0019751961404306006,0.0
8,false_positive_0p020,fabrid_macro,0.5106730594468649,0.03366499606183183,0.030990781902306586,1.5495390951153292,0.0
8,false_positive_0p020,fabrid_cvar,0.48235035208430316,0.03479477171443017,0.04703516114316723,2.3517580571583614,0.0
8,false_positive_0p020,fabrid_macro_finite_safe,0.39370677051662967,0.0,0.018169502971484976,0.9084751485742488,0.0
8,false_positive_0p020,fabrid_cvar_finite_safe,0.3167040529499142,0.0,0.03563768643461546,1.7818843217307732,0.0
8,false_positive_0p020,fabrid_macro_no_rate_minimization,0.5106730594468649,0.03366499606183183,0.030990781902306586,1.5495390951153292,0.0
8,false_positive_0p020,common_rate_macro,0.4987377076483882,0.010159619404448938,0.03875747359702263,1.9378736798511316,0.0
8,false_positive_0p020,pooled_shared,0.528911450477242,0.08613674453100852,0.08092637569157515,4.046318784578758,0.0
8,false_positive_0p020,eq_fpr_matched_macro,0.4987377076483882,0.010159619404448938,0.03875747359702263,1.9378736798511316,0.0
8,false_positive_0p020,eq_fpr_matched_cvar,0.4987377076483882,0.010159619404448938,0.03875747359702263,1.9378736798511316,0.0
9,false_positive_0p001,eq_fpr,0.34385863655697035,0.000043217079389774834,0.012410882379577227,12.410882379577227,0.0
9,false_positive_0p001,greedy,0.038555221004087384,0.0,0.0000457511293134306,0.045751129313430595,0.0
9,false_positive_0p001,fabrid_macro,0.35539614151756455,0.0,0.009865721656578803,9.865721656578803,0.0
9,false_positive_0p001,fabrid_cvar,0.3360404035177318,0.000043217079389774834,0.009586340987054144,9.586340987054143,0.0
9,false_positive_0p001,fabrid_macro_finite_safe,0.08820720343950361,0.0,0.0002592120900384476,0.2592120900384476,0.0
9,false_positive_0p001,fabrid_cvar_finite_safe,0.05895398716638544,0.0,0.00017235677329078134,0.17235677329078133,0.0
9,false_positive_0p001,fabrid_macro_no_rate_minimization,0.35539614151756455,0.0,0.009865721656578803,9.865721656578803,0.0
9,false_positive_0p001,common_rate_macro,0.34385863655697035,0.000043217079389774834,0.012410882379577227,12.410882379577227,0.0
9,false_positive_0p001,pooled_shared,0.006434569212932933,0.0,0.007328743143890769,7.328743143890769,0.0
9,false_positive_0p001,eq_fpr_matched_macro,0.3500960625062979,0.000043217079389774834,0.0126343771326686,12.6343771326686,0.0
9,false_positive_0p001,eq_fpr_matched_cvar,0.3500452530344225,0.000043217079389774834,0.012620238313668673,12.620238313668674,0.0
9,false_positive_0p0025,eq_fpr,0.39034978674191717,0.00008643415877954967,0.014251391728188578,5.700556691275431,0.0
9,false_positive_0p0025,greedy,0.038555221004087384,0.0,0.0000457511293134306,0.01830045172537224,0.0
9,false_positive_0p0025,fabrid_macro,0.3938913894124607,0.0,0.010865214716147351,4.3460858864589405,0.0
9,false_positive_0p0025,fabrid_cvar,0.35819537982050464,0.0008854415709577977,0.014017992454146,5.6071969816584,0.0
9,false_positive_0p0025,fabrid_macro_finite_safe,0.1857791092026991,0.0,0.0008996478572118629,0.35985914288474513,0.0
9,false_positive_0p0025,fabrid_cvar_finite_safe,0.07218383482864689,0.0,0.004155883108545231,1.6623532434180923,0.0
9,false_positive_0p0025,fabrid_macro_no_rate_minimization,0.3938913894124607,0.0,0.010865214716147351,4.3460858864589405,0.0
9,false_positive_0p0025,common_rate_macro,0.39034978674191717,0.00008643415877954967,0.014251391728188578,5.700556691275431,0.0
9,false_positive_0p0025,pooled_shared,0.013666883431084543,0.0,0.020515812813630525,8.20632512545221,0.0
9,false_positive_0p0025,eq_fpr_matched_macro,0.3983877446965351,0.0001296512381693245,0.01447238646961653,5.788954587846612,0.0
9,false_positive_0p0025,eq_fpr_matched_cvar,0.3983877446965351,0.0001296512381693245,0.01447238646961653,5.788954587846612,0.0
9,false_positive_0p005,eq_fpr,0.4328258643349589,0.0006891769568225793,0.01854716216160574,3.7094324323211483,0.0
9,false_positive_0p005,greedy,0.038555221004087384,0.0,0.0000457511293134306,0.00915022586268612,0.0
9,false_positive_0p005,fabrid_macro,0.44600568748923414,0.0,0.01461968270216886,2.923936540433772,0.0
9,false_positive_0p005,fabrid_cvar,0.3724882919666525,0.03145498837467938,0.016395265860698137,3.279053172139627,0.0
9,false_positive_0p005,fabrid_macro_finite_safe,0.2399075233748842,0.0,0.004514737374088943,0.9029474748177887,0.0
9,false_positive_0p005,fabrid_cvar_finite_safe,0.13960849291793542,0.0,0.0061687266987523965,1.2337453397504792,0.0
9,false_positive_0p005,fabrid_macro_no_rate_minimization,0.44600568748923414,0.0,0.01461968270216886,2.923936540433772,0.0
9,false_positive_0p005,common_rate_macro,0.4328258643349589,0.0006891769568225793,0.01854716216160574,3.7094324323211483,0.0
9,false_positive_0p005,pooled_shared,0.10393284822087316,0.00006410057364350165,0.03832419185435873,7.664838370871746,0.0
9,false_positive_0p005,eq_fpr_matched_macro,0.43299113588863886,0.0006891769568225793,0.018793245807537964,3.7586491615075928,0.0
9,false_positive_0p005,eq_fpr_matched_cvar,0.43299113588863886,0.0006891769568225793,0.018793245807537964,3.7586491615075928,0.0
9,false_positive_0p010,eq_fpr,0.4531960735970001,0.0030239683798209144,0.02321739820506565,2.321739820506565,0.0
9,false_positive_0p010,greedy,0.038555221004087384,0.0,0.0000457511293134306,0.00457511293134306,0.0
9,false_positive_0p010,fabrid_macro,0.47272198925049674,0.0008854415709577977,0.02218156136855656,2.2181561368556557,0.0
9,false_positive_0p010,fabrid_cvar,0.39051037113207593,0.03660037513013045,0.035902094871182975,3.5902094871182975,0.0
9,false_positive_0p010,fabrid_macro_finite_safe,0.34351172709863387,0.0,0.011030050327886216,1.1030050327886216,0.0
9,false_positive_0p010,fabrid_cvar_finite_safe,0.17701754439262313,0.0,0.02493542374296311,2.493542374296311,0.0
9,false_positive_0p010,fabrid_macro_no_rate_minimization,0.47272198925049674,0.0008854415709577977,0.02218156136855656,2.2181561368556557,0.0
9,false_positive_0p010,common_rate_macro,0.4531960735970001,0.0030239683798209144,0.02321739820506565,2.321739820506565,0.0
9,false_positive_0p010,pooled_shared,0.4460432202830176,0.06961138052409362,0.06550657283504915,6.550657283504915,0.0
9,false_positive_0p010,eq_fpr_matched_macro,0.4531960735970001,0.0030239683798209144,0.02321739820506565,2.321739820506565,0.0
9,false_positive_0p010,eq_fpr_matched_cvar,0.4531960735970001,0.0030239683798209144,0.02321739820506565,2.321739820506565,0.0
9,false_positive_0p020,eq_fpr,0.5040202455585326,0.0102756776445208,0.037130421876660234,1.8565210938330117,0.0
9,false_positive_0p020,greedy,0.038555221004087384,0.0,0.0000457511293134306,0.00228755646567153,0.0
9,false_positive_0p020,fabrid_macro,0.5162492773329275,0.03145498837467938,0.03259205170593836,1.629602585296918,0.0
9,false_positive_0p020,fabrid_cvar,0.49161621779953996,0.03660037513013045,0.04650379612788097,2.3251898063940484,0.0
9,false_positive_0p020,fabrid_macro_finite_safe,0.4154149808485929,0.0,0.019214957363999224,0.9607478681999612,0.0
9,false_positive_0p020,fabrid_cvar_finite_safe,0.33005288816806827,0.0,0.03450587700173603,1.7252938500868016,0.0
9,false_positive_0p020,fabrid_macro_no_rate_minimization,0.5162492773329275,0.03145498837467938,0.03259205170593836,1.629602585296918,0.0
9,false_positive_0p020,common_rate_macro,0.5040202455585326,0.0102756776445208,0.037130421876660234,1.8565210938330117,0.0
9,false_positive_0p020,pooled_shared,0.5298656525165311,0.08803609825160716,0.08201479999152597,4.100739999576298,0.0
9,false_positive_0p020,eq_fpr_matched_macro,0.5040202455585326,0.0102756776445208,0.037130421876660234,1.8565210938330117,0.0
9,false_positive_0p020,eq_fpr_matched_cvar,0.5040202455585326,0.0102756776445208,0.037130421876660234,1.8565210938330117,0.0
